date,province,region,predicted_visitors
2026-01-01,สมุทรปราการ,ภาคกลาง,312962.34
2026-01-01,น่าน,ภาคเหนือ,158022.81
2026-01-01,นครศรีธรรมราช,ภาคใต้,371179.94
2026-01-01,สระแก้ว,ภาคตะวันออก,105395.34
2026-01-01,นนทบุรี,ภาคกลาง,339212.34
2026-01-01,แพร่,ภาคเหนือ,131555.5
2026-01-01,สุโขทัย,ภาคเหนือ,152484.36
2026-01-01,ตาก,ภาคเหนือ,205448.38
2026-01-01,เลย,ภาคตะวันออกเฉียงเหนือ,202117.1
2026-01-01,กรุงเทพมหานคร,กรุงเทพฯ,4.8725735e+06
2026-01-01,นครพนม,ภาคตะวันออกเฉียงเหนือ,190967.86
2026-01-01,สมุทรสาคร,ภาคกลาง,121329.02
2026-01-01,สุราษฎร์ธานี,ภาคใต้,811593.2
2026-01-01,สระบุรี,ภาคกลาง,506043.9
2026-01-01,นครนายก,ภาคตะวันออก,271810.03
2026-01-01,สุรินทร์,ภาคตะวันออกเฉียงเหนือ,109391.94
2026-01-01,มุกดาหาร,ภาคตะวันออกเฉียงเหนือ,171377.84
2026-01-01,กระบี่,ภาคใต้,575166.06
2026-01-01,สมุทรสงคราม,ภาคกลาง,428600.28
2026-01-01,ภูเก็ต,ภาคใต้,1.3151882e+06
2026-01-01,ยะลา,ภาคใต้,144728.36
2026-01-01,นราธิวาส,ภาคใต้,96543.86
2026-01-01,มหาสารคาม,ภาคตะวันออกเฉียงเหนือ,61085.395
2026-01-01,สิงห์บุรี,ภาคกลาง,81757.52
2026-01-01,นครราชสีมา,ภาคตะวันออกเฉียงเหนือ,866753.3
2026-01-01,นครปฐม,ภาคกลาง,450843.3
2026-01-01,นครสวรรค์,ภาคเหนือ,194467.67
2026-01-01,สุพรรณบุรี,ภาคกลาง,457192.9
2026-01-01,สงขลา,ภาคใต้,422334.8
2026-01-01,สตูล,ภาคใต้,169339.66
2026-01-01,ชัยนาท,ภาคกลาง,105670.05
2026-01-01,ระยอง,ภาคตะวันออก,520426.47
2026-01-01,พัทลุง,ภาคใต้,151066.62
2026-01-01,ปัตตานี,ภาคใต้,59525.285
2026-01-01,ลำปาง,ภาคเหนือ,200079.0
2026-01-01,กำแพงเพชร,ภาคเหนือ,92878.91
2026-01-01,เชียงใหม่,ภาคเหนือ,1.2092068e+06
2026-01-01,อุทัยธานี,ภาคเหนือ,96529.08
2026-01-01,ชลบุรี,ภาคตะวันออก,2.4246902e+06
2026-01-01,อุตรดิตถ์,ภาคเหนือ,111692.805
2026-01-01,พระนครศรีอยุธยา,ภาคกลาง,989390.1
2026-01-01,อุบลราชธานี,ภาคตะวันออกเฉียงเหนือ,266001.88
2026-01-01,ฉะเชิงเทรา,ภาคตะวันออก,527958.3
2026-01-01,พะเยา,ภาคเหนือ,115200.42
2026-01-01,ร้อยเอ็ด,ภาคตะวันออกเฉียงเหนือ,86641.22
2026-01-01,ราชบุรี,ภาคกลาง,264118.38
2026-01-01,อ่างทอง,ภาคกลาง,99401.95
2026-01-01,จันทบุรี,ภาคตะวันออก,309269.06
2026-01-01,ขอนแก่น,ภาคตะวันออกเฉียงเหนือ,389288.12
2026-01-01,เชียงราย,ภาคเหนือ,628737.25
2026-01-01,ลพบุรี,ภาคกลาง,426253.56
2026-01-01,ลำพูน,ภาคเหนือ,144433.14
2026-01-01,ปราจีนบุรี,ภาคตะวันออก,131782.73
2026-01-01,ชัยภูมิ,ภาคตะวันออกเฉียงเหนือ,174317.25
2026-01-01,ยโสธร,ภาคตะวันออกเฉียงเหนือ,58051.004
2026-01-01,พิษณุโลก,ภาคเหนือ,299220.28
2026-01-01,หนองคาย,ภาคตะวันออกเฉียงเหนือ,309860.47
2026-01-01,ตราด,ภาคตะวันออก,179183.52
2026-01-01,บุรีรัมย์,ภาคตะวันออกเฉียงเหนือ,317595.72
2026-01-01,กาญจนบุรี,ภาคกลาง,1.3108888e+06
2026-01-01,เพชรบูรณ์,ภาคเหนือ,279028.62
2026-01-01,พังงา,ภาคใต้,397758.1
2026-01-01,หนองบัวลำภู,ภาคตะวันออกเฉียงเหนือ,33413.68
2026-01-01,ตรัง,ภาคใต้,122503.8
2026-01-01,ปทุมธานี,ภาคกลาง,308915.66
2026-01-01,สกลนคร,ภาคตะวันออกเฉียงเหนือ,155319.67
2026-01-01,อำนาจเจริญ,ภาคตะวันออกเฉียงเหนือ,30016.363
2026-01-01,ระนอง,ภาคใต้,94661.79
2026-01-01,พิจิตร,ภาคเหนือ,82496.18
2026-01-01,ชุมพร,ภาคใต้,171878.55
2026-01-01,ประจวบคีรีขันธ์,ภาคกลาง,1.0067809e+06
2026-01-01,ศรีสะเกษ,ภาคตะวันออกเฉียงเหนือ,95937.17
2026-01-01,กาฬสินธุ์,ภาคตะวันออกเฉียงเหนือ,230324.36
2026-01-01,เพชรบุรี,ภาคกลาง,912643.7
2026-01-01,อุดรธานี,ภาคตะวันออกเฉียงเหนือ,423551.72
2026-01-01,บึงกาฬ,ภาคตะวันออกเฉียงเหนือ,85059.38
2026-01-01,แม่ฮ่องสอน,ภาคเหนือ,136582.33
2026-02-01,สมุทรปราการ,ภาคกลาง,317144.94
2026-02-01,น่าน,ภาคเหนือ,177192.64
2026-02-01,นครศรีธรรมราช,ภาคใต้,368236.97
2026-02-01,สระแก้ว,ภาคตะวันออก,108055.836
2026-02-01,นนทบุรี,ภาคกลาง,338824.06
2026-02-01,แพร่,ภาคเหนือ,141561.3
2026-02-01,สุโขทัย,ภาคเหนือ,157978.31
2026-02-01,ตาก,ภาคเหนือ,214378.2
2026-02-01,เลย,ภาคตะวันออกเฉียงเหนือ,209091.45
2026-02-01,กรุงเทพมหานคร,กรุงเทพฯ,4.875176e+06
2026-02-01,นครพนม,ภาคตะวันออกเฉียงเหนือ,194166.97
2026-02-01,สมุทรสาคร,ภาคกลาง,123919.73
2026-02-01,สุราษฎร์ธานี,ภาคใต้,851343.7
2026-02-01,สระบุรี,ภาคกลาง,533802.2
2026-02-01,นครนายก,ภาคตะวันออก,287025.47
2026-02-01,สุรินทร์,ภาคตะวันออกเฉียงเหนือ,111827.8
2026-02-01,มุกดาหาร,ภาคตะวันออกเฉียงเหนือ,173583.89
2026-02-01,กระบี่,ภาคใต้,605237.5
2026-02-01,สมุทรสงคราม,ภาคกลาง,435177.3
2026-02-01,ภูเก็ต,ภาคใต้,1.3528216e+06
2026-02-01,ยะลา,ภาคใต้,155279.12
2026-02-01,นราธิวาส,ภาคใต้,102811.08
2026-02-01,มหาสารคาม,ภาคตะวันออกเฉียงเหนือ,66182.016
2026-02-01,สิงห์บุรี,ภาคกลาง,86914.78
2026-02-01,นครราชสีมา,ภาคตะวันออกเฉียงเหนือ,924597.3
2026-02-01,นครปฐม,ภาคกลาง,462830.94
2026-02-01,นครสวรรค์,ภาคเหนือ,203637.45
2026-02-01,สุพรรณบุรี,ภาคกลาง,473787.78
2026-02-01,สงขลา,ภาคใต้,403117.34
2026-02-01,สตูล,ภาคใต้,188882.38
2026-02-01,ชัยนาท,ภาคกลาง,108905.92
2026-02-01,ระยอง,ภาคตะวันออก,553306.6
2026-02-01,พัทลุง,ภาคใต้,158225.45
2026-02-01,ปัตตานี,ภาคใต้,62921.793
2026-02-01,ลำปาง,ภาคเหนือ,210979.56
2026-02-01,กำแพงเพชร,ภาคเหนือ,102446.7
2026-02-01,เชียงใหม่,ภาคเหนือ,1.2276376e+06
2026-02-01,อุทัยธานี,ภาคเหนือ,101025.12
2026-02-01,ชลบุรี,ภาคตะวันออก,2.4636935e+06
2026-02-01,อุตรดิตถ์,ภาคเหนือ,115158.72
2026-02-01,พระนครศรีอยุธยา,ภาคกลาง,1.0209948e+06
2026-02-01,อุบลราชธานี,ภาคตะวันออกเฉียงเหนือ,275330.97
2026-02-01,ฉะเชิงเทรา,ภาคตะวันออก,543016.3
2026-02-01,พะเยา,ภาคเหนือ,122059.95
2026-02-01,ร้อยเอ็ด,ภาคตะวันออกเฉียงเหนือ,91555.38
2026-02-01,ราชบุรี,ภาคกลาง,286551.53
2026-02-01,อ่างทอง,ภาคกลาง,100831.2
2026-02-01,จันทบุรี,ภาคตะวันออก,307776.78
2026-02-01,ขอนแก่น,ภาคตะวันออกเฉียงเหนือ,395837.7
2026-02-01,เชียงราย,ภาคเหนือ,688012.06
2026-02-01,ลพบุรี,ภาคกลาง,435731.03
2026-02-01,ลำพูน,ภาคเหนือ,155767.72
2026-02-01,ปราจีนบุรี,ภาคตะวันออก,139343.2
2026-02-01,ชัยภูมิ,ภาคตะวันออกเฉียงเหนือ,183919.48
2026-02-01,ยโสธร,ภาคตะวันออกเฉียงเหนือ,60200.246
2026-02-01,พิษณุโลก,ภาคเหนือ,320640.72
2026-02-01,หนองคาย,ภาคตะวันออกเฉียงเหนือ,312355.84
2026-02-01,ตราด,ภาคตะวันออก,193180.98
2026-02-01,บุรีรัมย์,ภาคตะวันออกเฉียงเหนือ,322719.6
2026-02-01,กาญจนบุรี,ภาคกลาง,1.3070098e+06
2026-02-01,เพชรบูรณ์,ภาคเหนือ,320656.12
2026-02-01,พังงา,ภาคใต้,400423.5
2026-02-01,หนองบัวลำภู,ภาคตะวันออกเฉียงเหนือ,34230.457
2026-02-01,ตรัง,ภาคใต้,131108.84
2026-02-01,ปทุมธานี,ภาคกลาง,313538.88
2026-02-01,สกลนคร,ภาคตะวันออกเฉียงเหนือ,162439.28
2026-02-01,อำนาจเจริญ,ภาคตะวันออกเฉียงเหนือ,30333.264
2026-02-01,ระนอง,ภาคใต้,104082.91
2026-02-01,พิจิตร,ภาคเหนือ,85271.07
2026-02-01,ชุมพร,ภาคใต้,183257.34
2026-02-01,ประจวบคีรีขันธ์,ภาคกลาง,1.0472147e+06
2026-02-01,ศรีสะเกษ,ภาคตะวันออกเฉียงเหนือ,102233.82
2026-02-01,กาฬสินธุ์,ภาคตะวันออกเฉียงเหนือ,246526.69
2026-02-01,เพชรบุรี,ภาคกลาง,984686.06
2026-02-01,อุดรธานี,ภาคตะวันออกเฉียงเหนือ,419850.7
2026-02-01,บึงกาฬ,ภาคตะวันออกเฉียงเหนือ,86460.695
2026-02-01,แม่ฮ่องสอน,ภาคเหนือ,154830.88
2026-03-01,สมุทรปราการ,ภาคกลาง,316434.5
2026-03-01,น่าน,ภาคเหนือ,191228.36
2026-03-01,นครศรีธรรมราช,ภาคใต้,379350.66
2026-03-01,สระแก้ว,ภาคตะวันออก,109080.766
2026-03-01,นนทบุรี,ภาคกลาง,355007.28
2026-03-01,แพร่,ภาคเหนือ,149974.2
2026-03-01,สุโขทัย,ภาคเหนือ,163104.33
2026-03-01,ตาก,ภาคเหนือ,223184.14
2026-03-01,เลย,ภาคตะวันออกเฉียงเหนือ,214610.33
2026-03-01,กรุงเทพมหานคร,กรุงเทพฯ,4.8695535e+06
2026-03-01,นครพนม,ภาคตะวันออกเฉียงเหนือ,197770.14
2026-03-01,สมุทรสาคร,ภาคกลาง,125665.3
2026-03-01,สุราษฎร์ธานี,ภาคใต้,893953.56
2026-03-01,สระบุรี,ภาคกลาง,525295.9
2026-03-01,นครนายก,ภาคตะวันออก,300540.2
2026-03-01,สุรินทร์,ภาคตะวันออกเฉียงเหนือ,111642.3
2026-03-01,มุกดาหาร,ภาคตะวันออกเฉียงเหนือ,174122.86
2026-03-01,กระบี่,ภาคใต้,626619.44
2026-03-01,สมุทรสงคราม,ภาคกลาง,437717.62
2026-03-01,ภูเก็ต,ภาคใต้,1.3693362e+06
2026-03-01,ยะลา,ภาคใต้,169103.75
2026-03-01,นราธิวาส,ภาคใต้,107328.3
2026-03-01,มหาสารคาม,ภาคตะวันออกเฉียงเหนือ,69380.85
2026-03-01,สิงห์บุรี,ภาคกลาง,90003.766
2026-03-01,นครราชสีมา,ภาคตะวันออกเฉียงเหนือ,971854.2
2026-03-01,นครปฐม,ภาคกลาง,472515.84
2026-03-01,นครสวรรค์,ภาคเหนือ,208378.12
2026-03-01,สุพรรณบุรี,ภาคกลาง,491298.84
2026-03-01,สงขลา,ภาคใต้,384076.25
2026-03-01,สตูล,ภาคใต้,200737.19
2026-03-01,ชัยนาท,ภาคกลาง,109522.91
2026-03-01,ระยอง,ภาคตะวันออก,558415.2
2026-03-01,พัทลุง,ภาคใต้,160090.27
2026-03-01,ปัตตานี,ภาคใต้,68761.21
2026-03-01,ลำปาง,ภาคเหนือ,216891.81
2026-03-01,กำแพงเพชร,ภาคเหนือ,104311.28
2026-03-01,เชียงใหม่,ภาคเหนือ,1.2234094e+06
2026-03-01,อุทัยธานี,ภาคเหนือ,102572.484
2026-03-01,ชลบุรี,ภาคตะวันออก,2.4988768e+06
2026-03-01,อุตรดิตถ์,ภาคเหนือ,114037.07
2026-03-01,พระนครศรีอยุธยา,ภาคกลาง,1.0231087e+06
2026-03-01,อุบลราชธานี,ภาคตะวันออกเฉียงเหนือ,277844.38
2026-03-01,ฉะเชิงเทรา,ภาคตะวันออก,553257.3
2026-03-01,พะเยา,ภาคเหนือ,126313.57
2026-03-01,ร้อยเอ็ด,ภาคตะวันออกเฉียงเหนือ,97008.91
2026-03-01,ราชบุรี,ภาคกลาง,298670.22
2026-03-01,อ่างทอง,ภาคกลาง,103861.914
2026-03-01,จันทบุรี,ภาคตะวันออก,307069.84
2026-03-01,ขอนแก่น,ภาคตะวันออกเฉียงเหนือ,396502.16
2026-03-01,เชียงราย,ภาคเหนือ,731016.56
2026-03-01,ลพบุรี,ภาคกลาง,440418.56
2026-03-01,ลำพูน,ภาคเหนือ,161375.05
2026-03-01,ปราจีนบุรี,ภาคตะวันออก,144729.44
2026-03-01,ชัยภูมิ,ภาคตะวันออกเฉียงเหนือ,189252.61
2026-03-01,ยโสธร,ภาคตะวันออกเฉียงเหนือ,61618.12
2026-03-01,พิษณุโลก,ภาคเหนือ,326078.28
2026-03-01,หนองคาย,ภาคตะวันออกเฉียงเหนือ,313173.72
2026-03-01,ตราด,ภาคตะวันออก,202130.2
2026-03-01,บุรีรัมย์,ภาคตะวันออกเฉียงเหนือ,322900.7
2026-03-01,กาญจนบุรี,ภาคกลาง,1.3036638e+06
2026-03-01,เพชรบูรณ์,ภาคเหนือ,349864.72
2026-03-01,พังงา,ภาคใต้,397355.7
2026-03-01,หนองบัวลำภู,ภาคตะวันออกเฉียงเหนือ,34491.38
2026-03-01,ตรัง,ภาคใต้,143363.38
2026-03-01,ปทุมธานี,ภาคกลาง,317255.47
2026-03-01,สกลนคร,ภาคตะวันออกเฉียงเหนือ,166799.69
2026-03-01,อำนาจเจริญ,ภาคตะวันออกเฉียงเหนือ,30669.688
2026-03-01,ระนอง,ภาคใต้,108734.625
2026-03-01,พิจิตร,ภาคเหนือ,87345.0
2026-03-01,ชุมพร,ภาคใต้,192132.4
2026-03-01,ประจวบคีรีขันธ์,ภาคกลาง,1.0667009e+06
2026-03-01,ศรีสะเกษ,ภาคตะวันออกเฉียงเหนือ,103206.93
2026-03-01,กาฬสินธุ์,ภาคตะวันออกเฉียงเหนือ,258607.67
2026-03-01,เพชรบุรี,ภาคกลาง,1.0139399e+06
2026-03-01,อุดรธานี,ภาคตะวันออกเฉียงเหนือ,415792.75
2026-03-01,บึงกาฬ,ภาคตะวันออกเฉียงเหนือ,89347.57
2026-03-01,แม่ฮ่องสอน,ภาคเหนือ,179738.55
2026-04-01,สมุทรปราการ,ภาคกลาง,316943.9
2026-04-01,น่าน,ภาคเหนือ,201642.95
2026-04-01,นครศรีธรรมราช,ภาคใต้,380593.2
2026-04-01,สระแก้ว,ภาคตะวันออก,111241.53
2026-04-01,นนทบุรี,ภาคกลาง,362910.06
2026-04-01,แพร่,ภาคเหนือ,160175.19
2026-04-01,สุโขทัย,ภาคเหนือ,168402.1
2026-04-01,ตาก,ภาคเหนือ,235808.64
2026-04-01,เลย,ภาคตะวันออกเฉียงเหนือ,220310.36
2026-04-01,กรุงเทพมหานคร,กรุงเทพฯ,4.8552445e+06
2026-04-01,นครพนม,ภาคตะวันออกเฉียงเหนือ,199832.11
2026-04-01,สมุทรสาคร,ภาคกลาง,127393.6
2026-04-01,สุราษฎร์ธานี,ภาคใต้,931833.3
2026-04-01,สระบุรี,ภาคกลาง,534981.94
2026-04-01,นครนายก,ภาคตะวันออก,313339.16
2026-04-01,สุรินทร์,ภาคตะวันออกเฉียงเหนือ,111495.68
2026-04-01,มุกดาหาร,ภาคตะวันออกเฉียงเหนือ,174288.34
2026-04-01,กระบี่,ภาคใต้,641463.9
2026-04-01,สมุทรสงคราม,ภาคกลาง,438005.2
2026-04-01,ภูเก็ต,ภาคใต้,1.3694241e+06
2026-04-01,ยะลา,ภาคใต้,184962.83
2026-04-01,นราธิวาส,ภาคใต้,109136.195
2026-04-01,มหาสารคาม,ภาคตะวันออกเฉียงเหนือ,73166.72
2026-04-01,สิงห์บุรี,ภาคกลาง,94124.39
2026-04-01,นครราชสีมา,ภาคตะวันออกเฉียงเหนือ,1.00707006e+06
2026-04-01,นครปฐม,ภาคกลาง,484886.16
2026-04-01,นครสวรรค์,ภาคเหนือ,214970.58
2026-04-01,สุพรรณบุรี,ภาคกลาง,517034.84
2026-04-01,สงขลา,ภาคใต้,382693.44
2026-04-01,สตูล,ภาคใต้,204117.66
2026-04-01,ชัยนาท,ภาคกลาง,110381.28
2026-04-01,ระยอง,ภาคตะวันออก,565996.44
2026-04-01,พัทลุง,ภาคใต้,160542.61
2026-04-01,ปัตตานี,ภาคใต้,75929.26
2026-04-01,ลำปาง,ภาคเหนือ,225831.19
2026-04-01,กำแพงเพชร,ภาคเหนือ,105390.445
2026-04-01,เชียงใหม่,ภาคเหนือ,1.2191049e+06
2026-04-01,อุทัยธานี,ภาคเหนือ,102837.51
2026-04-01,ชลบุรี,ภาคตะวันออก,2.5084032e+06
2026-04-01,อุตรดิตถ์,ภาคเหนือ,113966.61
2026-04-01,พระนครศรีอยุธยา,ภาคกลาง,1.02636306e+06
2026-04-01,อุบลราชธานี,ภาคตะวันออกเฉียงเหนือ,276544.84
2026-04-01,ฉะเชิงเทรา,ภาคตะวันออก,562216.25
2026-04-01,พะเยา,ภาคเหนือ,130152.44
2026-04-01,ร้อยเอ็ด,ภาคตะวันออกเฉียงเหนือ,101720.84
2026-04-01,ราชบุรี,ภาคกลาง,304456.78
2026-04-01,อ่างทอง,ภาคกลาง,104093.3
2026-04-01,จันทบุรี,ภาคตะวันออก,307590.97
2026-04-01,ขอนแก่น,ภาคตะวันออกเฉียงเหนือ,397731.22
2026-04-01,เชียงราย,ภาคเหนือ,767261.7
2026-04-01,ลพบุรี,ภาคกลาง,448210.94
2026-04-01,ลำพูน,ภาคเหนือ,166257.03
2026-04-01,ปราจีนบุรี,ภาคตะวันออก,152530.1
2026-04-01,ชัยภูมิ,ภาคตะวันออกเฉียงเหนือ,194209.92
2026-04-01,ยโสธร,ภาคตะวันออกเฉียงเหนือ,61647.81
2026-04-01,พิษณุโลก,ภาคเหนือ,334660.72
2026-04-01,หนองคาย,ภาคตะวันออกเฉียงเหนือ,314043.12
2026-04-01,ตราด,ภาคตะวันออก,206510.5
2026-04-01,บุรีรัมย์,ภาคตะวันออกเฉียงเหนือ,328207.34
2026-04-01,กาญจนบุรี,ภาคกลาง,1.2926288e+06
2026-04-01,เพชรบูรณ์,ภาคเหนือ,374480.22
2026-04-01,พังงา,ภาคใต้,396489.44
2026-04-01,หนองบัวลำภู,ภาคตะวันออกเฉียงเหนือ,35061.86
2026-04-01,ตรัง,ภาคใต้,154843.88
2026-04-01,ปทุมธานี,ภาคกลาง,321392.22
2026-04-01,สกลนคร,ภาคตะวันออกเฉียงเหนือ,172126.92
2026-04-01,อำนาจเจริญ,ภาคตะวันออกเฉียงเหนือ,30752.996
2026-04-01,ระนอง,ภาคใต้,112252.26
2026-04-01,พิจิตร,ภาคเหนือ,90326.66
2026-04-01,ชุมพร,ภาคใต้,197251.47
2026-04-01,ประจวบคีรีขันธ์,ภาคกลาง,1.0875885e+06
2026-04-01,ศรีสะเกษ,ภาคตะวันออกเฉียงเหนือ,104083.555
2026-04-01,กาฬสินธุ์,ภาคตะวันออกเฉียงเหนือ,272408.7
2026-04-01,เพชรบุรี,ภาคกลาง,1.02885375e+06
2026-04-01,อุดรธานี,ภาคตะวันออกเฉียงเหนือ,413869.88
2026-04-01,บึงกาฬ,ภาคตะวันออกเฉียงเหนือ,93024.586
2026-04-01,แม่ฮ่องสอน,ภาคเหนือ,199957.81
2026-05-01,สมุทรปราการ,ภาคกลาง,313219.0
2026-05-01,น่าน,ภาคเหนือ,199633.28
2026-05-01,นครศรีธรรมราช,ภาคใต้,373576.6
2026-05-01,สระแก้ว,ภาคตะวันออก,112271.84
2026-05-01,นนทบุรี,ภาคกลาง,366292.06
2026-05-01,แพร่,ภาคเหนือ,166657.73
2026-05-01,สุโขทัย,ภาคเหนือ,171825.88
2026-05-01,ตาก,ภาคเหนือ,251279.1
2026-05-01,เลย,ภาคตะวันออกเฉียงเหนือ,226267.31
2026-05-01,กรุงเทพมหานคร,กรุงเทพฯ,4.834331e+06
2026-05-01,นครพนม,ภาคตะวันออกเฉียงเหนือ,195359.2
2026-05-01,สมุทรสาคร,ภาคกลาง,127796.93
2026-05-01,สุราษฎร์ธานี,ภาคใต้,958714.6
2026-05-01,สระบุรี,ภาคกลาง,528933.56
2026-05-01,นครนายก,ภาคตะวันออก,312863.9
2026-05-01,สุรินทร์,ภาคตะวันออกเฉียงเหนือ,110982.16
2026-05-01,มุกดาหาร,ภาคตะวันออกเฉียงเหนือ,170387.11
2026-05-01,กระบี่,ภาคใต้,654220.0
2026-05-01,สมุทรสงคราม,ภาคกลาง,437610.78
2026-05-01,ภูเก็ต,ภาคใต้,1.3763776e+06
2026-05-01,ยะลา,ภาคใต้,187287.19
2026-05-01,นราธิวาส,ภาคใต้,111522.97
2026-05-01,มหาสารคาม,ภาคตะวันออกเฉียงเหนือ,73732.55
2026-05-01,สิงห์บุรี,ภาคกลาง,97841.234
2026-05-01,นครราชสีมา,ภาคตะวันออกเฉียงเหนือ,1.0141524e+06
2026-05-01,นครปฐม,ภาคกลาง,499600.22
2026-05-01,นครสวรรค์,ภาคเหนือ,214198.58
2026-05-01,สุพรรณบุรี,ภาคกลาง,526839.5
2026-05-01,สงขลา,ภาคใต้,379382.38
2026-05-01,สตูล,ภาคใต้,201046.23
2026-05-01,ชัยนาท,ภาคกลาง,109910.04
2026-05-01,ระยอง,ภาคตะวันออก,569237.1
2026-05-01,พัทลุง,ภาคใต้,158554.95
2026-05-01,ปัตตานี,ภาคใต้,79742.45
2026-05-01,ลำปาง,ภาคเหนือ,238069.11
2026-05-01,กำแพงเพชร,ภาคเหนือ,107144.336
2026-05-01,เชียงใหม่,ภาคเหนือ,1.2214106e+06
2026-05-01,อุทัยธานี,ภาคเหนือ,102809.59
2026-05-01,ชลบุรี,ภาคตะวันออก,2.4960882e+06
2026-05-01,อุตรดิตถ์,ภาคเหนือ,113472.96
2026-05-01,พระนครศรีอยุธยา,ภาคกลาง,1.0157296e+06
2026-05-01,อุบลราชธานี,ภาคตะวันออกเฉียงเหนือ,273033.28
2026-05-01,ฉะเชิงเทรา,ภาคตะวันออก,559826.44
2026-05-01,พะเยา,ภาคเหนือ,134401.55
2026-05-01,ร้อยเอ็ด,ภาคตะวันออกเฉียงเหนือ,102580.42
2026-05-01,ราชบุรี,ภาคกลาง,300188.16
2026-05-01,อ่างทอง,ภาคกลาง,104274.04
2026-05-01,จันทบุรี,ภาคตะวันออก,304379.5
2026-05-01,ขอนแก่น,ภาคตะวันออกเฉียงเหนือ,394313.56
2026-05-01,เชียงราย,ภาคเหนือ,797834.9
2026-05-01,ลพบุรี,ภาคกลาง,457125.84
2026-05-01,ลำพูน,ภาคเหนือ,168087.88
2026-05-01,ปราจีนบุรี,ภาคตะวันออก,155816.22
2026-05-01,ชัยภูมิ,ภาคตะวันออกเฉียงเหนือ,191595.7
2026-05-01,ยโสธร,ภาคตะวันออกเฉียงเหนือ,59829.973
2026-05-01,พิษณุโลก,ภาคเหนือ,343299.94
2026-05-01,หนองคาย,ภาคตะวันออกเฉียงเหนือ,312015.34
2026-05-01,ตราด,ภาคตะวันออก,206985.19
2026-05-01,บุรีรัมย์,ภาคตะวันออกเฉียงเหนือ,328071.38
2026-05-01,กาญจนบุรี,ภาคกลาง,1.3033544e+06
2026-05-01,เพชรบูรณ์,ภาคเหนือ,391785.3
2026-05-01,พังงา,ภาคใต้,392246.94
2026-05-01,หนองบัวลำภู,ภาคตะวันออกเฉียงเหนือ,34326.15
2026-05-01,ตรัง,ภาคใต้,160904.2
2026-05-01,ปทุมธานี,ภาคกลาง,324349.4
2026-05-01,สกลนคร,ภาคตะวันออกเฉียงเหนือ,171829.6
2026-05-01,อำนาจเจริญ,ภาคตะวันออกเฉียงเหนือ,30346.938
2026-05-01,ระนอง,ภาคใต้,114328.3
2026-05-01,พิจิตร,ภาคเหนือ,91381.49
2026-05-01,ชุมพร,ภาคใต้,194517.52
2026-05-01,ประจวบคีรีขันธ์,ภาคกลาง,1.1059695e+06
2026-05-01,ศรีสะเกษ,ภาคตะวันออกเฉียงเหนือ,104365.31
2026-05-01,กาฬสินธุ์,ภาคตะวันออกเฉียงเหนือ,274762.9
2026-05-01,เพชรบุรี,ภาคกลาง,1.0259712e+06
2026-05-01,อุดรธานี,ภาคตะวันออกเฉียงเหนือ,410824.4
2026-05-01,บึงกาฬ,ภาคตะวันออกเฉียงเหนือ,97130.68
2026-05-01,แม่ฮ่องสอน,ภาคเหนือ,201672.39
2026-06-01,สมุทรปราการ,ภาคกลาง,314183.16
2026-06-01,น่าน,ภาคเหนือ,197127.02
2026-06-01,นครศรีธรรมราช,ภาคใต้,372168.28
2026-06-01,สระแก้ว,ภาคตะวันออก,112674.555
2026-06-01,นนทบุรี,ภาคกลาง,367347.9
2026-06-01,แพร่,ภาคเหนือ,171126.47
2026-06-01,สุโขทัย,ภาคเหนือ,172259.69
2026-06-01,ตาก,ภาคเหนือ,270550.62
2026-06-01,เลย,ภาคตะวันออกเฉียงเหนือ,237603.02
2026-06-01,กรุงเทพมหานคร,กรุงเทพฯ,4.836268e+06
2026-06-01,นครพนม,ภาคตะวันออกเฉียงเหนือ,192313.23
2026-06-01,สมุทรสาคร,ภาคกลาง,127394.445
2026-06-01,สุราษฎร์ธานี,ภาคใต้,986119.94
2026-06-01,สระบุรี,ภาคกลาง,519206.84
2026-06-01,นครนายก,ภาคตะวันออก,314019.47
2026-06-01,สุรินทร์,ภาคตะวันออกเฉียงเหนือ,110327.17
2026-06-01,มุกดาหาร,ภาคตะวันออกเฉียงเหนือ,167242.03
2026-06-01,กระบี่,ภาคใต้,667672.3
2026-06-01,สมุทรสงคราม,ภาคกลาง,437684.12
2026-06-01,ภูเก็ต,ภาคใต้,1.3804002e+06
2026-06-01,ยะลา,ภาคใต้,188275.77
2026-06-01,นราธิวาส,ภาคใต้,110981.85
2026-06-01,มหาสารคาม,ภาคตะวันออกเฉียงเหนือ,72672.15
2026-06-01,สิงห์บุรี,ภาคกลาง,100196.28
2026-06-01,นครราชสีมา,ภาคตะวันออกเฉียงเหนือ,1.0291303e+06
2026-06-01,นครปฐม,ภาคกลาง,510048.34
2026-06-01,นครสวรรค์,ภาคเหนือ,210972.0
2026-06-01,สุพรรณบุรี,ภาคกลาง,518907.22
2026-06-01,สงขลา,ภาคใต้,377397.78
2026-06-01,สตูล,ภาคใต้,196877.62
2026-06-01,ชัยนาท,ภาคกลาง,109065.34
2026-06-01,ระยอง,ภาคตะวันออก,572482.8
2026-06-01,พัทลุง,ภาคใต้,157283.84
2026-06-01,ปัตตานี,ภาคใต้,80516.88
2026-06-01,ลำปาง,ภาคเหนือ,254155.81
2026-06-01,กำแพงเพชร,ภาคเหนือ,107493.03
2026-06-01,เชียงใหม่,ภาคเหนือ,1.2295266e+06
2026-06-01,อุทัยธานี,ภาคเหนือ,102623.016
2026-06-01,ชลบุรี,ภาคตะวันออก,2.4902062e+06
2026-06-01,อุตรดิตถ์,ภาคเหนือ,112766.02
2026-06-01,พระนครศรีอยุธยา,ภาคกลาง,1.0246028e+06
2026-06-01,อุบลราชธานี,ภาคตะวันออกเฉียงเหนือ,273661.22
2026-06-01,ฉะเชิงเทรา,ภาคตะวันออก,552868.6
2026-06-01,พะเยา,ภาคเหนือ,136582.8
2026-06-01,ร้อยเอ็ด,ภาคตะวันออกเฉียงเหนือ,102816.43
2026-06-01,ราชบุรี,ภาคกลาง,299631.25
2026-06-01,อ่างทอง,ภาคกลาง,103887.79
2026-06-01,จันทบุรี,ภาคตะวันออก,303968.9
2026-06-01,ขอนแก่น,ภาคตะวันออกเฉียงเหนือ,389952.88
2026-06-01,เชียงราย,ภาคเหนือ,819820.25
2026-06-01,ลพบุรี,ภาคกลาง,469839.56
2026-06-01,ลำพูน,ภาคเหนือ,168882.94
2026-06-01,ปราจีนบุรี,ภาคตะวันออก,158234.55
2026-06-01,ชัยภูมิ,ภาคตะวันออกเฉียงเหนือ,189600.02
2026-06-01,ยโสธร,ภาคตะวันออกเฉียงเหนือ,58202.01
2026-06-01,พิษณุโลก,ภาคเหนือ,350130.4
2026-06-01,หนองคาย,ภาคตะวันออกเฉียงเหนือ,311815.84
2026-06-01,ตราด,ภาคตะวันออก,200844.73
2026-06-01,บุรีรัมย์,ภาคตะวันออกเฉียงเหนือ,328347.25
2026-06-01,กาญจนบุรี,ภาคกลาง,1.3047529e+06
2026-06-01,เพชรบูรณ์,ภาคเหนือ,392324.78
2026-06-01,พังงา,ภาคใต้,389961.38
2026-06-01,หนองบัวลำภู,ภาคตะวันออกเฉียงเหนือ,33986.395
2026-06-01,ตรัง,ภาคใต้,164045.45
2026-06-01,ปทุมธานี,ภาคกลาง,326593.97
2026-06-01,สกลนคร,ภาคตะวันออกเฉียงเหนือ,171666.16
2026-06-01,อำนาจเจริญ,ภาคตะวันออกเฉียงเหนือ,30015.014
2026-06-01,ระนอง,ภาคใต้,115699.266
2026-06-01,พิจิตร,ภาคเหนือ,93912.52
2026-06-01,ชุมพร,ภาคใต้,192099.25
2026-06-01,ประจวบคีรีขันธ์,ภาคกลาง,1.1355184e+06
2026-06-01,ศรีสะเกษ,ภาคตะวันออกเฉียงเหนือ,104197.836
2026-06-01,กาฬสินธุ์,ภาคตะวันออกเฉียงเหนือ,275082.56
2026-06-01,เพชรบุรี,ภาคกลาง,1.03897025e+06
2026-06-01,อุดรธานี,ภาคตะวันออกเฉียงเหนือ,408194.0
2026-06-01,บึงกาฬ,ภาคตะวันออกเฉียงเหนือ,100068.74
2026-06-01,แม่ฮ่องสอน,ภาคเหนือ,199625.73
2026-07-01,สมุทรปราการ,ภาคกลาง,317142.47
2026-07-01,น่าน,ภาคเหนือ,194414.92
2026-07-01,นครศรีธรรมราช,ภาคใต้,371995.12
2026-07-01,สระแก้ว,ภาคตะวันออก,111633.086
2026-07-01,นนทบุรี,ภาคกลาง,368922.34
2026-07-01,แพร่,ภาคเหนือ,173460.56
2026-07-01,สุโขทัย,ภาคเหนือ,171996.11
2026-07-01,ตาก,ภาคเหนือ,294298.28
2026-07-01,เลย,ภาคตะวันออกเฉียงเหนือ,253103.55
2026-07-01,กรุงเทพมหานคร,กรุงเทพฯ,4.885524e+06
2026-07-01,นครพนม,ภาคตะวันออกเฉียงเหนือ,188673.9
2026-07-01,สมุทรสาคร,ภาคกลาง,125792.47
2026-07-01,สุราษฎร์ธานี,ภาคใต้,994605.9
2026-07-01,สระบุรี,ภาคกลาง,510074.75
2026-07-01,นครนายก,ภาคตะวันออก,320309.94
2026-07-01,สุรินทร์,ภาคตะวันออกเฉียงเหนือ,109188.914
2026-07-01,มุกดาหาร,ภาคตะวันออกเฉียงเหนือ,166551.19
2026-07-01,กระบี่,ภาคใต้,691276.6
2026-07-01,สมุทรสงคราม,ภาคกลาง,431136.22
2026-07-01,ภูเก็ต,ภาคใต้,1.3767586e+06
2026-07-01,ยะลา,ภาคใต้,186856.48
2026-07-01,นราธิวาส,ภาคใต้,109236.0
2026-07-01,มหาสารคาม,ภาคตะวันออกเฉียงเหนือ,71787.38
2026-07-01,สิงห์บุรี,ภาคกลาง,100887.07
2026-07-01,นครราชสีมา,ภาคตะวันออกเฉียงเหนือ,1.02788794e+06
2026-07-01,นครปฐม,ภาคกลาง,502064.7
2026-07-01,นครสวรรค์,ภาคเหนือ,209588.89
2026-07-01,สุพรรณบุรี,ภาคกลาง,509731.53
2026-07-01,สงขลา,ภาคใต้,373199.38
2026-07-01,สตูล,ภาคใต้,194936.02
2026-07-01,ชัยนาท,ภาคกลาง,107789.49
2026-07-01,ระยอง,ภาคตะวันออก,575094.7
2026-07-01,พัทลุง,ภาคใต้,156066.19
2026-07-01,ปัตตานี,ภาคใต้,80939.92
2026-07-01,ลำปาง,ภาคเหนือ,275784.56
2026-07-01,กำแพงเพชร,ภาคเหนือ,106680.836
2026-07-01,เชียงใหม่,ภาคเหนือ,1.2269589e+06
2026-07-01,อุทัยธานี,ภาคเหนือ,101614.92
2026-07-01,ชลบุรี,ภาคตะวันออก,2.502132e+06
2026-07-01,อุตรดิตถ์,ภาคเหนือ,111105.25
2026-07-01,พระนครศรีอยุธยา,ภาคกลาง,1.0159679e+06
2026-07-01,อุบลราชธานี,ภาคตะวันออกเฉียงเหนือ,272068.8
2026-07-01,ฉะเชิงเทรา,ภาคตะวันออก,541976.0
2026-07-01,พะเยา,ภาคเหนือ,139130.78
2026-07-01,ร้อยเอ็ด,ภาคตะวันออกเฉียงเหนือ,102429.38
2026-07-01,ราชบุรี,ภาคกลาง,302690.66
2026-07-01,อ่างทอง,ภาคกลาง,103286.25
2026-07-01,จันทบุรี,ภาคตะวันออก,306571.22
2026-07-01,ขอนแก่น,ภาคตะวันออกเฉียงเหนือ,387839.9
2026-07-01,เชียงราย,ภาคเหนือ,828562.9
2026-07-01,ลพบุรี,ภาคกลาง,470442.53
2026-07-01,ลำพูน,ภาคเหนือ,169094.58
2026-07-01,ปราจีนบุรี,ภาคตะวันออก,159379.56
2026-07-01,ชัยภูมิ,ภาคตะวันออกเฉียงเหนือ,184393.06
2026-07-01,ยโสธร,ภาคตะวันออกเฉียงเหนือ,55244.773
2026-07-01,พิษณุโลก,ภาคเหนือ,358087.47
2026-07-01,หนองคาย,ภาคตะวันออกเฉียงเหนือ,313855.22
2026-07-01,ตราด,ภาคตะวันออก,195024.64
2026-07-01,บุรีรัมย์,ภาคตะวันออกเฉียงเหนือ,335885.5
2026-07-01,กาญจนบุรี,ภาคกลาง,1.303305e+06
2026-07-01,เพชรบูรณ์,ภาคเหนือ,392043.88
2026-07-01,พังงา,ภาคใต้,386963.4
2026-07-01,หนองบัวลำภู,ภาคตะวันออกเฉียงเหนือ,33081.977
2026-07-01,ตรัง,ภาคใต้,162304.58
2026-07-01,ปทุมธานี,ภาคกลาง,336785.9
2026-07-01,สกลนคร,ภาคตะวันออกเฉียงเหนือ,171195.81
2026-07-01,อำนาจเจริญ,ภาคตะวันออกเฉียงเหนือ,29505.457
2026-07-01,ระนอง,ภาคใต้,116494.75
2026-07-01,พิจิตร,ภาคเหนือ,96563.63
2026-07-01,ชุมพร,ภาคใต้,187288.03
2026-07-01,ประจวบคีรีขันธ์,ภาคกลาง,1.1597982e+06
2026-07-01,ศรีสะเกษ,ภาคตะวันออกเฉียงเหนือ,103286.266
2026-07-01,กาฬสินธุ์,ภาคตะวันออกเฉียงเหนือ,274079.34
2026-07-01,เพชรบุรี,ภาคกลาง,1.0348234e+06
2026-07-01,อุดรธานี,ภาคตะวันออกเฉียงเหนือ,406950.5
2026-07-01,บึงกาฬ,ภาคตะวันออกเฉียงเหนือ,101663.84
2026-07-01,แม่ฮ่องสอน,ภาคเหนือ,196768.33
2026-08-01,สมุทรปราการ,ภาคกลาง,315533.28
2026-08-01,น่าน,ภาคเหนือ,192746.9
2026-08-01,นครศรีธรรมราช,ภาคใต้,374516.38
2026-08-01,สระแก้ว,ภาคตะวันออก,110893.93
2026-08-01,นนทบุรี,ภาคกลาง,372707.3
2026-08-01,แพร่,ภาคเหนือ,174128.8
2026-08-01,สุโขทัย,ภาคเหนือ,171863.0
2026-08-01,ตาก,ภาคเหนือ,311473.62
2026-08-01,เลย,ภาคตะวันออกเฉียงเหนือ,272452.97
2026-08-01,กรุงเทพมหานคร,กรุงเทพฯ,4.9722335e+06
2026-08-01,นครพนม,ภาคตะวันออกเฉียงเหนือ,187595.03
2026-08-01,สมุทรสาคร,ภาคกลาง,123922.44
2026-08-01,สุราษฎร์ธานี,ภาคใต้,1.00248806e+06
2026-08-01,สระบุรี,ภาคกลาง,500063.53
2026-08-01,นครนายก,ภาคตะวันออก,320852.0
2026-08-01,สุรินทร์,ภาคตะวันออกเฉียงเหนือ,107761.74
2026-08-01,มุกดาหาร,ภาคตะวันออกเฉียงเหนือ,165204.11
2026-08-01,กระบี่,ภาคใต้,710941.56
2026-08-01,สมุทรสงคราม,ภาคกลาง,427090.94
2026-08-01,ภูเก็ต,ภาคใต้,1.3880209e+06
2026-08-01,ยะลา,ภาคใต้,185435.0
2026-08-01,นราธิวาส,ภาคใต้,108608.484
2026-08-01,มหาสารคาม,ภาคตะวันออกเฉียงเหนือ,71211.98
2026-08-01,สิงห์บุรี,ภาคกลาง,101187.98
2026-08-01,นครราชสีมา,ภาคตะวันออกเฉียงเหนือ,1.0353402e+06
2026-08-01,นครปฐม,ภาคกลาง,492820.44
2026-08-01,นครสวรรค์,ภาคเหนือ,207455.66
2026-08-01,สุพรรณบุรี,ภาคกลาง,500306.75
2026-08-01,สงขลา,ภาคใต้,375478.2
2026-08-01,สตูล,ภาคใต้,192410.4
2026-08-01,ชัยนาท,ภาคกลาง,106511.414
2026-08-01,ระยอง,ภาคตะวันออก,574252.56
2026-08-01,พัทลุง,ภาคใต้,154537.66
2026-08-01,ปัตตานี,ภาคใต้,81155.52
2026-08-01,ลำปาง,ภาคเหนือ,297962.03
2026-08-01,กำแพงเพชร,ภาคเหนือ,105247.86
2026-08-01,เชียงใหม่,ภาคเหนือ,1.2334151e+06
2026-08-01,อุทัยธานี,ภาคเหนือ,99684.94
2026-08-01,ชลบุรี,ภาคตะวันออก,2.511745e+06
2026-08-01,อุตรดิตถ์,ภาคเหนือ,109239.05
2026-08-01,พระนครศรีอยุธยา,ภาคกลาง,1.01301344e+06
2026-08-01,อุบลราชธานี,ภาคตะวันออกเฉียงเหนือ,271155.75
2026-08-01,ฉะเชิงเทรา,ภาคตะวันออก,530204.1
2026-08-01,พะเยา,ภาคเหนือ,142823.27
2026-08-01,ร้อยเอ็ด,ภาคตะวันออกเฉียงเหนือ,102029.875
2026-08-01,ราชบุรี,ภาคกลาง,303171.06
2026-08-01,อ่างทอง,ภาคกลาง,102849.9
2026-08-01,จันทบุรี,ภาคตะวันออก,306834.5
2026-08-01,ขอนแก่น,ภาคตะวันออกเฉียงเหนือ,388151.22
2026-08-01,เชียงราย,ภาคเหนือ,832397.44
2026-08-01,ลพบุรี,ภาคกลาง,468325.9
2026-08-01,ลำพูน,ภาคเหนือ,169524.05
2026-08-01,ปราจีนบุรี,ภาคตะวันออก,158048.94
2026-08-01,ชัยภูมิ,ภาคตะวันออกเฉียงเหนือ,180595.38
2026-08-01,ยโสธร,ภาคตะวันออกเฉียงเหนือ,53553.66
2026-08-01,พิษณุโลก,ภาคเหนือ,364287.3
2026-08-01,หนองคาย,ภาคตะวันออกเฉียงเหนือ,312695.47
2026-08-01,ตราด,ภาคตะวันออก,193459.06
2026-08-01,บุรีรัมย์,ภาคตะวันออกเฉียงเหนือ,340572.47
2026-08-01,กาญจนบุรี,ภาคกลาง,1.3051689e+06
2026-08-01,เพชรบูรณ์,ภาคเหนือ,393459.62
2026-08-01,พังงา,ภาคใต้,387786.4
2026-08-01,หนองบัวลำภู,ภาคตะวันออกเฉียงเหนือ,32379.326
2026-08-01,ตรัง,ภาคใต้,161043.23
2026-08-01,ปทุมธานี,ภาคกลาง,343779.75
2026-08-01,สกลนคร,ภาคตะวันออกเฉียงเหนือ,170920.16
2026-08-01,อำนาจเจริญ,ภาคตะวันออกเฉียงเหนือ,29211.117
2026-08-01,ระนอง,ภาคใต้,117451.7
2026-08-01,พิจิตร,ภาคเหนือ,97828.2
2026-08-01,ชุมพร,ภาคใต้,184798.86
2026-08-01,ประจวบคีรีขันธ์,ภาคกลาง,1.2016999e+06
2026-08-01,ศรีสะเกษ,ภาคตะวันออกเฉียงเหนือ,102681.09
2026-08-01,กาฬสินธุ์,ภาคตะวันออกเฉียงเหนือ,273251.3
2026-08-01,เพชรบุรี,ภาคกลาง,1.0322662e+06
2026-08-01,อุดรธานี,ภาคตะวันออกเฉียงเหนือ,409516.47
2026-08-01,บึงกาฬ,ภาคตะวันออกเฉียงเหนือ,101597.75
2026-08-01,แม่ฮ่องสอน,ภาคเหนือ,195958.23
2026-09-01,สมุทรปราการ,ภาคกลาง,314964.4
2026-09-01,น่าน,ภาคเหนือ,191861.78
2026-09-01,นครศรีธรรมราช,ภาคใต้,375232.47
2026-09-01,สระแก้ว,ภาคตะวันออก,109771.48
2026-09-01,นนทบุรี,ภาคกลาง,381546.94
2026-09-01,แพร่,ภาคเหนือ,174394.33
2026-09-01,สุโขทัย,ภาคเหนือ,171488.17
2026-09-01,ตาก,ภาคเหนือ,329706.56
2026-09-01,เลย,ภาคตะวันออกเฉียงเหนือ,291791.06
2026-09-01,กรุงเทพมหานคร,กรุงเทพฯ,4.985972e+06
2026-09-01,นครพนม,ภาคตะวันออกเฉียงเหนือ,186130.5
2026-09-01,สมุทรสาคร,ภาคกลาง,123116.75
2026-09-01,สุราษฎร์ธานี,ภาคใต้,1.00905544e+06
2026-09-01,สระบุรี,ภาคกลาง,496650.9
2026-09-01,นครนายก,ภาคตะวันออก,324720.62
2026-09-01,สุรินทร์,ภาคตะวันออกเฉียงเหนือ,106355.91
2026-09-01,มุกดาหาร,ภาคตะวันออกเฉียงเหนือ,163449.17
2026-09-01,กระบี่,ภาคใต้,732227.75
2026-09-01,สมุทรสงคราม,ภาคกลาง,427863.9
2026-09-01,ภูเก็ต,ภาคใต้,1.3953588e+06
2026-09-01,ยะลา,ภาคใต้,184218.44
2026-09-01,นราธิวาส,ภาคใต้,108159.914
2026-09-01,มหาสารคาม,ภาคตะวันออกเฉียงเหนือ,70615.945
2026-09-01,สิงห์บุรี,ภาคกลาง,100839.66
2026-09-01,นครราชสีมา,ภาคตะวันออกเฉียงเหนือ,1.0377704e+06
2026-09-01,นครปฐม,ภาคกลาง,482921.28
2026-09-01,นครสวรรค์,ภาคเหนือ,204285.5
2026-09-01,สุพรรณบุรี,ภาคกลาง,496819.84
2026-09-01,สงขลา,ภาคใต้,375553.16
2026-09-01,สตูล,ภาคใต้,190671.81
2026-09-01,ชัยนาท,ภาคกลาง,106619.12
2026-09-01,ระยอง,ภาคตะวันออก,577568.9
2026-09-01,พัทลุง,ภาคใต้,153102.06
2026-09-01,ปัตตานี,ภาคใต้,81258.62
2026-09-01,ลำปาง,ภาคเหนือ,312200.78
2026-09-01,กำแพงเพชร,ภาคเหนือ,104421.6
2026-09-01,เชียงใหม่,ภาคเหนือ,1.2473106e+06
2026-09-01,อุทัยธานี,ภาคเหนือ,98727.05
2026-09-01,ชลบุรี,ภาคตะวันออก,2.5137082e+06
2026-09-01,อุตรดิตถ์,ภาคเหนือ,108061.555
2026-09-01,พระนครศรีอยุธยา,ภาคกลาง,1.00394344e+06
2026-09-01,อุบลราชธานี,ภาคตะวันออกเฉียงเหนือ,270558.62
2026-09-01,ฉะเชิงเทรา,ภาคตะวันออก,528150.56
2026-09-01,พะเยา,ภาคเหนือ,148896.58
2026-09-01,ร้อยเอ็ด,ภาคตะวันออกเฉียงเหนือ,101074.125
2026-09-01,ราชบุรี,ภาคกลาง,302262.88
2026-09-01,อ่างทอง,ภาคกลาง,102095.17
2026-09-01,จันทบุรี,ภาคตะวันออก,305888.1
2026-09-01,ขอนแก่น,ภาคตะวันออกเฉียงเหนือ,389386.84
2026-09-01,เชียงราย,ภาคเหนือ,839204.44
2026-09-01,ลพบุรี,ภาคกลาง,468059.62
2026-09-01,ลำพูน,ภาคเหนือ,169369.6
2026-09-01,ปราจีนบุรี,ภาคตะวันออก,157293.39
2026-09-01,ชัยภูมิ,ภาคตะวันออกเฉียงเหนือ,178721.8
2026-09-01,ยโสธร,ภาคตะวันออกเฉียงเหนือ,52755.395
2026-09-01,พิษณุโลก,ภาคเหนือ,365906.2
2026-09-01,หนองคาย,ภาคตะวันออกเฉียงเหนือ,311454.84
2026-09-01,ตราด,ภาคตะวันออก,192298.9
2026-09-01,บุรีรัมย์,ภาคตะวันออกเฉียงเหนือ,344727.38
2026-09-01,กาญจนบุรี,ภาคกลาง,1.3201819e+06
2026-09-01,เพชรบูรณ์,ภาคเหนือ,393480.88
2026-09-01,พังงา,ภาคใต้,390308.44
2026-09-01,หนองบัวลำภู,ภาคตะวันออกเฉียงเหนือ,31919.916
2026-09-01,ตรัง,ภาคใต้,159180.73
2026-09-01,ปทุมธานี,ภาคกลาง,349710.66
2026-09-01,สกลนคร,ภาคตะวันออกเฉียงเหนือ,169664.8
2026-09-01,อำนาจเจริญ,ภาคตะวันออกเฉียงเหนือ,29116.273
2026-09-01,ระนอง,ภาคใต้,118706.43
2026-09-01,พิจิตร,ภาคเหนือ,97827.88
2026-09-01,ชุมพร,ภาคใต้,182101.28
2026-09-01,ประจวบคีรีขันธ์,ภาคกลาง,1.2452009e+06
2026-09-01,ศรีสะเกษ,ภาคตะวันออกเฉียงเหนือ,101278.81
2026-09-01,กาฬสินธุ์,ภาคตะวันออกเฉียงเหนือ,273071.12
2026-09-01,เพชรบุรี,ภาคกลาง,1.02758794e+06
2026-09-01,อุดรธานี,ภาคตะวันออกเฉียงเหนือ,410531.53
2026-09-01,บึงกาฬ,ภาคตะวันออกเฉียงเหนือ,101460.37
2026-09-01,แม่ฮ่องสอน,ภาคเหนือ,196633.75
2026-10-01,สมุทรปราการ,ภาคกลาง,320692.28
2026-10-01,น่าน,ภาคเหนือ,198827.97
2026-10-01,นครศรีธรรมราช,ภาคใต้,381678.94
2026-10-01,สระแก้ว,ภาคตะวันออก,117354.13
2026-10-01,นนทบุรี,ภาคกลาง,401561.22
2026-10-01,แพร่,ภาคเหนือ,178934.53
2026-10-01,สุโขทัย,ภาคเหนือ,176906.39
2026-10-01,ตาก,ภาคเหนือ,343956.6
2026-10-01,เลย,ภาคตะวันออกเฉียงเหนือ,307323.72
2026-10-01,กรุงเทพมหานคร,กรุงเทพฯ,5.0177105e+06
2026-10-01,นครพนม,ภาคตะวันออกเฉียงเหนือ,189024.7
2026-10-01,สมุทรสาคร,ภาคกลาง,129571.47
2026-10-01,สุราษฎร์ธานี,ภาคใต้,1.04144206e+06
2026-10-01,สระบุรี,ภาคกลาง,496547.06
2026-10-01,นครนายก,ภาคตะวันออก,330821.47
2026-10-01,สุรินทร์,ภาคตะวันออกเฉียงเหนือ,115820.586
2026-10-01,มุกดาหาร,ภาคตะวันออกเฉียงเหนือ,168174.95
2026-10-01,กระบี่,ภาคใต้,765469.9
2026-10-01,สมุทรสงคราม,ภาคกลาง,440753.4
2026-10-01,ภูเก็ต,ภาคใต้,1.4161976e+06
2026-10-01,ยะลา,ภาคใต้,187470.77
2026-10-01,นราธิวาส,ภาคใต้,120881.75
2026-10-01,มหาสารคาม,ภาคตะวันออกเฉียงเหนือ,71678.984
2026-10-01,สิงห์บุรี,ภาคกลาง,103500.57
2026-10-01,นครราชสีมา,ภาคตะวันออกเฉียงเหนือ,1.0637249e+06
2026-10-01,นครปฐม,ภาคกลาง,480534.03
2026-10-01,นครสวรรค์,ภาคเหนือ,207103.39
2026-10-01,สุพรรณบุรี,ภาคกลาง,498769.38
2026-10-01,สงขลา,ภาคใต้,385866.1
2026-10-01,สตูล,ภาคใต้,195926.61
2026-10-01,ชัยนาท,ภาคกลาง,111965.46
2026-10-01,ระยอง,ภาคตะวันออก,584439.25
2026-10-01,พัทลุง,ภาคใต้,154967.81
2026-10-01,ปัตตานี,ภาคใต้,82654.95
2026-10-01,ลำปาง,ภาคเหนือ,327147.47
2026-10-01,กำแพงเพชร,ภาคเหนือ,109678.38
2026-10-01,เชียงใหม่,ภาคเหนือ,1.2559031e+06
2026-10-01,อุทัยธานี,ภาคเหนือ,103926.51
2026-10-01,ชลบุรี,ภาคตะวันออก,2.530324e+06
2026-10-01,อุตรดิตถ์,ภาคเหนือ,117834.53
2026-10-01,พระนครศรีอยุธยา,ภาคกลาง,1.0289258e+06
2026-10-01,อุบลราชธานี,ภาคตะวันออกเฉียงเหนือ,273909.78
2026-10-01,ฉะเชิงเทรา,ภาคตะวันออก,534570.06
2026-10-01,พะเยา,ภาคเหนือ,156864.86
2026-10-01,ร้อยเอ็ด,ภาคตะวันออกเฉียงเหนือ,104837.77
2026-10-01,ราชบุรี,ภาคกลาง,304932.6
2026-10-01,อ่างทอง,ภาคกลาง,103643.11
2026-10-01,จันทบุรี,ภาคตะวันออก,307812.8
2026-10-01,ขอนแก่น,ภาคตะวันออกเฉียงเหนือ,396306.28
2026-10-01,เชียงราย,ภาคเหนือ,866591.3
2026-10-01,ลพบุรี,ภาคกลาง,473584.62
2026-10-01,ลำพูน,ภาคเหนือ,174556.3
2026-10-01,ปราจีนบุรี,ภาคตะวันออก,158960.19
2026-10-01,ชัยภูมิ,ภาคตะวันออกเฉียงเหนือ,182979.0
2026-10-01,ยโสธร,ภาคตะวันออกเฉียงเหนือ,52953.64
2026-10-01,พิษณุโลก,ภาคเหนือ,379061.78
2026-10-01,หนองคาย,ภาคตะวันออกเฉียงเหนือ,315509.28
2026-10-01,ตราด,ภาคตะวันออก,196838.2
2026-10-01,บุรีรัมย์,ภาคตะวันออกเฉียงเหนือ,362290.22
2026-10-01,กาญจนบุรี,ภาคกลาง,1.3230641e+06
2026-10-01,เพชรบูรณ์,ภาคเหนือ,401405.4
2026-10-01,พังงา,ภาคใต้,397355.78
2026-10-01,หนองบัวลำภู,ภาคตะวันออกเฉียงเหนือ,31606.56
2026-10-01,ตรัง,ภาคใต้,163097.95
2026-10-01,ปทุมธานี,ภาคกลาง,371295.16
2026-10-01,สกลนคร,ภาคตะวันออกเฉียงเหนือ,176064.8
2026-10-01,อำนาจเจริญ,ภาคตะวันออกเฉียงเหนือ,29161.58
2026-10-01,ระนอง,ภาคใต้,130383.53
2026-10-01,พิจิตร,ภาคเหนือ,101693.17
2026-10-01,ชุมพร,ภาคใต้,186372.95
2026-10-01,ประจวบคีรีขันธ์,ภาคกลาง,1.2603349e+06
2026-10-01,ศรีสะเกษ,ภาคตะวันออกเฉียงเหนือ,103461.8
2026-10-01,กาฬสินธุ์,ภาคตะวันออกเฉียงเหนือ,274412.84
2026-10-01,เพชรบุรี,ภาคกลาง,1.0524665e+06
2026-10-01,อุดรธานี,ภาคตะวันออกเฉียงเหนือ,421359.84
2026-10-01,บึงกาฬ,ภาคตะวันออกเฉียงเหนือ,105626.945
2026-10-01,แม่ฮ่องสอน,ภาคเหนือ,204330.6
2026-11-01,สมุทรปราการ,ภาคกลาง,322363.38
2026-11-01,น่าน,ภาคเหนือ,203105.53
2026-11-01,นครศรีธรรมราช,ภาคใต้,379786.97
2026-11-01,สระแก้ว,ภาคตะวันออก,121252.805
2026-11-01,นนทบุรี,ภาคกลาง,418580.8
2026-11-01,แพร่,ภาคเหนือ,183239.33
2026-11-01,สุโขทัย,ภาคเหนือ,180470.0
2026-11-01,ตาก,ภาคเหนือ,363995.38
2026-11-01,เลย,ภาคตะวันออกเฉียงเหนือ,321286.56
2026-11-01,กรุงเทพมหานคร,กรุงเทพฯ,4.9816505e+06
2026-11-01,นครพนม,ภาคตะวันออกเฉียงเหนือ,190934.77
2026-11-01,สมุทรสาคร,ภาคกลาง,136331.97
2026-11-01,สุราษฎร์ธานี,ภาคใต้,1.0717196e+06
2026-11-01,สระบุรี,ภาคกลาง,507437.2
2026-11-01,นครนายก,ภาคตะวันออก,339887.47
2026-11-01,สุรินทร์,ภาคตะวันออกเฉียงเหนือ,122008.67
2026-11-01,มุกดาหาร,ภาคตะวันออกเฉียงเหนือ,173456.73
2026-11-01,กระบี่,ภาคใต้,803233.3
2026-11-01,สมุทรสงคราม,ภาคกลาง,454109.38
2026-11-01,ภูเก็ต,ภาคใต้,1.4352961e+06
2026-11-01,ยะลา,ภาคใต้,191853.6
2026-11-01,นราธิวาส,ภาคใต้,125224.5
2026-11-01,มหาสารคาม,ภาคตะวันออกเฉียงเหนือ,72972.0
2026-11-01,สิงห์บุรี,ภาคกลาง,105431.414
2026-11-01,นครราชสีมา,ภาคตะวันออกเฉียงเหนือ,1.0959041e+06
2026-11-01,นครปฐม,ภาคกลาง,487595.25
2026-11-01,นครสวรรค์,ภาคเหนือ,212851.45
2026-11-01,สุพรรณบุรี,ภาคกลาง,511590.34
2026-11-01,สงขลา,ภาคใต้,386497.03
2026-11-01,สตูล,ภาคใต้,200250.23
2026-11-01,ชัยนาท,ภาคกลาง,116173.73
2026-11-01,ระยอง,ภาคตะวันออก,593991.6
2026-11-01,พัทลุง,ภาคใต้,155956.94
2026-11-01,ปัตตานี,ภาคใต้,84322.26
2026-11-01,ลำปาง,ภาคเหนือ,335970.12
2026-11-01,กำแพงเพชร,ภาคเหนือ,115254.04
2026-11-01,เชียงใหม่,ภาคเหนือ,1.2685669e+06
2026-11-01,อุทัยธานี,ภาคเหนือ,107827.98
2026-11-01,ชลบุรี,ภาคตะวันออก,2.5542108e+06
2026-11-01,อุตรดิตถ์,ภาคเหนือ,123935.64
2026-11-01,พระนครศรีอยุธยา,ภาคกลาง,1.0568334e+06
2026-11-01,อุบลราชธานี,ภาคตะวันออกเฉียงเหนือ,275485.47
2026-11-01,ฉะเชิงเทรา,ภาคตะวันออก,541207.1
2026-11-01,พะเยา,ภาคเหนือ,162786.0
2026-11-01,ร้อยเอ็ด,ภาคตะวันออกเฉียงเหนือ,107597.8
2026-11-01,ราชบุรี,ภาคกลาง,306264.62
2026-11-01,อ่างทอง,ภาคกลาง,105082.09
2026-11-01,จันทบุรี,ภาคตะวันออก,307330.4
2026-11-01,ขอนแก่น,ภาคตะวันออกเฉียงเหนือ,403102.56
2026-11-01,เชียงราย,ภาคเหนือ,907457.4
2026-11-01,ลพบุรี,ภาคกลาง,482753.62
2026-11-01,ลำพูน,ภาคเหนือ,176625.55
2026-11-01,ปราจีนบุรี,ภาคตะวันออก,161102.86
2026-11-01,ชัยภูมิ,ภาคตะวันออกเฉียงเหนือ,184199.12
2026-11-01,ยโสธร,ภาคตะวันออกเฉียงเหนือ,53006.133
2026-11-01,พิษณุโลก,ภาคเหนือ,384594.2
2026-11-01,หนองคาย,ภาคตะวันออกเฉียงเหนือ,317496.6
2026-11-01,ตราด,ภาคตะวันออก,201658.48
2026-11-01,บุรีรัมย์,ภาคตะวันออกเฉียงเหนือ,381239.25
2026-11-01,กาญจนบุรี,ภาคกลาง,1.333581e+06
2026-11-01,เพชรบูรณ์,ภาคเหนือ,408762.75
2026-11-01,พังงา,ภาคใต้,404946.44
2026-11-01,หนองบัวลำภู,ภาคตะวันออกเฉียงเหนือ,31821.324
2026-11-01,ตรัง,ภาคใต้,168220.2
2026-11-01,ปทุมธานี,ภาคกลาง,396421.9
2026-11-01,สกลนคร,ภาคตะวันออกเฉียงเหนือ,179607.36
2026-11-01,อำนาจเจริญ,ภาคตะวันออกเฉียงเหนือ,29353.188
2026-11-01,ระนอง,ภาคใต้,142429.64
2026-11-01,พิจิตร,ภาคเหนือ,103918.5
2026-11-01,ชุมพร,ภาคใต้,189216.78
2026-11-01,ประจวบคีรีขันธ์,ภาคกลาง,1.2785511e+06
2026-11-01,ศรีสะเกษ,ภาคตะวันออกเฉียงเหนือ,105357.96
2026-11-01,กาฬสินธุ์,ภาคตะวันออกเฉียงเหนือ,276944.78
2026-11-01,เพชรบุรี,ภาคกลาง,1.0816919e+06
2026-11-01,อุดรธานี,ภาคตะวันออกเฉียงเหนือ,430074.78
2026-11-01,บึงกาฬ,ภาคตะวันออกเฉียงเหนือ,110102.22
2026-11-01,แม่ฮ่องสอน,ภาคเหนือ,207649.31
2026-12-01,สมุทรปราการ,ภาคกลาง,333120.56
2026-12-01,น่าน,ภาคเหนือ,214052.28
2026-12-01,นครศรีธรรมราช,ภาคใต้,391758.06
2026-12-01,สระแก้ว,ภาคตะวันออก,129268.516
2026-12-01,นนทบุรี,ภาคกลาง,439816.1
2026-12-01,แพร่,ภาคเหนือ,192175.19
2026-12-01,สุโขทัย,ภาคเหนือ,192748.05
2026-12-01,ตาก,ภาคเหนือ,394526.0
2026-12-01,เลย,ภาคตะวันออกเฉียงเหนือ,330526.72
2026-12-01,กรุงเทพมหานคร,กรุงเทพฯ,4.9629805e+06
2026-12-01,นครพนม,ภาคตะวันออกเฉียงเหนือ,198182.27
2026-12-01,สมุทรสาคร,ภาคกลาง,143705.02
2026-12-01,สุราษฎร์ธานี,ภาคใต้,1.129869e+06
2026-12-01,สระบุรี,ภาคกลาง,535545.9
2026-12-01,นครนายก,ภาคตะวันออก,359762.8
2026-12-01,สุรินทร์,ภาคตะวันออกเฉียงเหนือ,132447.19
2026-12-01,มุกดาหาร,ภาคตะวันออกเฉียงเหนือ,181527.47
2026-12-01,กระบี่,ภาคใต้,856495.7
2026-12-01,สมุทรสงคราม,ภาคกลาง,482905.4
2026-12-01,ภูเก็ต,ภาคใต้,1.4637634e+06
2026-12-01,ยะลา,ภาคใต้,201927.36
2026-12-01,นราธิวาส,ภาคใต้,135830.92
2026-12-01,มหาสารคาม,ภาคตะวันออกเฉียงเหนือ,75212.766
2026-12-01,สิงห์บุรี,ภาคกลาง,110268.16
2026-12-01,นครราชสีมา,ภาคตะวันออกเฉียงเหนือ,1.1549788e+06
2026-12-01,นครปฐม,ภาคกลาง,513138.75
2026-12-01,นครสวรรค์,ภาคเหนือ,227295.45
2026-12-01,สุพรรณบุรี,ภาคกลาง,536511.75
2026-12-01,สงขลา,ภาคใต้,398470.84
2026-12-01,สตูล,ภาคใต้,207973.75
2026-12-01,ชัยนาท,ภาคกลาง,123825.54
2026-12-01,ระยอง,ภาคตะวันออก,617656.8
2026-12-01,พัทลุง,ภาคใต้,162036.58
2026-12-01,ปัตตานี,ภาคใต้,87624.56
2026-12-01,ลำปาง,ภาคเหนือ,360555.72
2026-12-01,กำแพงเพชร,ภาคเหนือ,124856.61
2026-12-01,เชียงใหม่,ภาคเหนือ,1.2914544e+06
2026-12-01,อุทัยธานี,ภาคเหนือ,114828.53
2026-12-01,ชลบุรี,ภาคตะวันออก,2.5807595e+06
2026-12-01,อุตรดิตถ์,ภาคเหนือ,135241.02
2026-12-01,พระนครศรีอยุธยา,ภาคกลาง,1.1053285e+06
2026-12-01,อุบลราชธานี,ภาคตะวันออกเฉียงเหนือ,282129.56
2026-12-01,ฉะเชิงเทรา,ภาคตะวันออก,564744.5
2026-12-01,พะเยา,ภาคเหนือ,175869.56
2026-12-01,ร้อยเอ็ด,ภาคตะวันออกเฉียงเหนือ,113986.92
2026-12-01,ราชบุรี,ภาคกลาง,312108.2
2026-12-01,อ่างทอง,ภาคกลาง,108662.44
2026-12-01,จันทบุรี,ภาคตะวันออก,312533.66
2026-12-01,ขอนแก่น,ภาคตะวันออกเฉียงเหนือ,418049.66
2026-12-01,เชียงราย,ภาคเหนือ,986699.5
2026-12-01,ลพบุรี,ภาคกลาง,514114.94
2026-12-01,ลำพูน,ภาคเหนือ,182761.11
2026-12-01,ปราจีนบุรี,ภาคตะวันออก,172086.4
2026-12-01,ชัยภูมิ,ภาคตะวันออกเฉียงเหนือ,192902.97
2026-12-01,ยโสธร,ภาคตะวันออกเฉียงเหนือ,55445.4
2026-12-01,พิษณุโลก,ภาคเหนือ,397134.66
2026-12-01,หนองคาย,ภาคตะวันออกเฉียงเหนือ,325831.38
2026-12-01,ตราด,ภาคตะวันออก,209232.88
2026-12-01,บุรีรัมย์,ภาคตะวันออกเฉียงเหนือ,399815.62
2026-12-01,กาญจนบุรี,ภาคกลาง,1.3459169e+06
2026-12-01,เพชรบูรณ์,ภาคเหนือ,421322.47
2026-12-01,พังงา,ภาคใต้,421482.0
2026-12-01,หนองบัวลำภู,ภาคตะวันออกเฉียงเหนือ,32015.547
2026-12-01,ตรัง,ภาคใต้,180849.14
2026-12-01,ปทุมธานี,ภาคกลาง,428763.72
2026-12-01,สกลนคร,ภาคตะวันออกเฉียงเหนือ,190033.6
2026-12-01,อำนาจเจริญ,ภาคตะวันออกเฉียงเหนือ,29590.4
2026-12-01,ระนอง,ภาคใต้,153275.1
2026-12-01,พิจิตร,ภาคเหนือ,108765.39
2026-12-01,ชุมพร,ภาคใต้,201087.89
2026-12-01,ประจวบคีรีขันธ์,ภาคกลาง,1.3049089e+06
2026-12-01,ศรีสะเกษ,ภาคตะวันออกเฉียงเหนือ,110598.055
2026-12-01,กาฬสินธุ์,ภาคตะวันออกเฉียงเหนือ,280659.62
2026-12-01,เพชรบุรี,ภาคกลาง,1.1358485e+06
2026-12-01,อุดรธานี,ภาคตะวันออกเฉียงเหนือ,448788.44
2026-12-01,บึงกาฬ,ภาคตะวันออกเฉียงเหนือ,117196.586
2026-12-01,แม่ฮ่องสอน,ภาคเหนือ,217347.81
